{"cameraMode":{"drawMode":0,"name":"Shaded","section":"Shading Mode"},"sceneLighting":true,"audioPlay":false,"sceneViewState":{"m_AlwaysRefresh":false,"showFog":true,"showSkybox":true,"showFlares":true,"showImageEffects":true,"showParticleSystems":true,"showVisualEffectGraphs":true,"m_FxEnabled":true},"in2DMode":false,"pivot":{"x":1.3930007219314576,"y":16.192764282226564,"z":-6.64520788192749},"rotation":{"x":-0.061768483370542529,"y":-0.014875352382659912,"z":0.0009098444716073573,"w":-0.9980565905570984},"size":1.9766392707824708,"orthographic":false}